{"cameraMode":{"drawMode":0,"name":"Shaded","section":"Shading Mode"},"sceneLighting":false,"audioPlay":false,"sceneViewState":{"showFog":true,"showMaterialUpdate":false,"showSkybox":false,"showFlares":true,"showImageEffects":true,"showParticleSystems":true},"in2DMode":false,"pivot":{"x":6.679999351501465,"y":0.0,"z":2.0999999046325685},"rotation":{"x":-0.25892674922943118,"y":-0.0034936093725264074,"z":0.0008870697929523885,"w":-0.9659467339515686},"size":3.4654834270477297,"orthographic":false}