{"cameraMode":{"drawMode":0,"name":"Shaded","section":"Shading Mode"},"sceneLighting":false,"audioPlay":false,"sceneViewState":{"showFog":true,"showMaterialUpdate":false,"showSkybox":false,"showFlares":true,"showImageEffects":true,"showParticleSystems":true},"in2DMode":false,"pivot":{"x":-10.542076110839844,"y":1.2604469060897828,"z":-5.038215637207031},"rotation":{"x":0.07733039557933808,"y":-0.4818525016307831,"z":0.04281686991453171,"w":0.8719092607498169},"size":3.348066568374634,"orthographic":false}