{"cameraMode":{"drawMode":0,"name":"Shaded","section":"Shading Mode"},"sceneLighting":false,"audioPlay":false,"sceneViewState":{"showFog":true,"showMaterialUpdate":false,"showSkybox":false,"showFlares":true,"showImageEffects":true,"showParticleSystems":true},"in2DMode":false,"pivot":{"x":-0.5462690591812134,"y":0.5029516816139221,"z":-3.1404147148132326},"rotation":{"x":0.32669493556022646,"y":-0.07502922415733338,"z":0.026030469685792924,"w":0.9417945742607117},"size":0.9144033789634705,"orthographic":false}