{"cameraMode":{"drawMode":0,"name":"Shaded","section":"Shading Mode"},"sceneLighting":true,"audioPlay":false,"sceneViewState":{"showFog":true,"showMaterialUpdate":false,"showSkybox":true,"showFlares":true,"showImageEffects":true,"showParticleSystems":true},"in2DMode":false,"pivot":{"x":23.39543914794922,"y":-224.9964141845703,"z":492.0252380371094},"rotation":{"x":-0.21076758205890656,"y":-0.02229064144194126,"z":0.004771050997078419,"w":-0.9773557782173157},"size":282.49713134765627,"orthographic":false}