{"cameraMode":{"drawMode":0,"name":"Shaded","section":"Shading Mode"},"sceneLighting":true,"audioPlay":false,"sceneViewState":{"showFog":true,"showMaterialUpdate":false,"showSkybox":true,"showFlares":true,"showImageEffects":true,"showParticleSystems":true},"in2DMode":false,"pivot":{"x":-12.61143684387207,"y":9.414795875549317,"z":47.52272033691406},"rotation":{"x":0.03493964672088623,"y":0.09371346980333328,"z":0.003296863054856658,"w":-0.9949971437454224},"size":38.00382614135742,"orthographic":false}